{
  "BTC": [
    71179,
    71179,
    71210,
    71210,
    71203,
    71203,
    71148,
    71148,
    71147,
    71147,
    71205,
    71205,
    71207,
    71207,
    71152,
    71152,
    71146,
    71146,
    71143,
    71143,
    71129,
    71152,
    71170,
    71167,
    71217,
    71217,
    71252,
    71252,
    71243,
    71243
  ],
  "ETH": [
    2080.12,
    2080.12,
    2080.26,
    2080.26,
    2079.74,
    2079.74,
    2078.9,
    2078.9,
    2079.29,
    2079.29,
    2081.0,
    2081.0,
    2081.59,
    2081.59,
    2080.74,
    2080.74,
    2080.68,
    2080.68,
    2079.95,
    2079.95,
    2079.64,
    2080.39,
    2080.11,
    2080.09,
    2081.61,
    2081.61,
    2081.36,
    2081.36,
    2080.82,
    2080.82
  ],
  "SOL": [
    89.13,
    89.13,
    89.11,
    89.11,
    89.14,
    89.14,
    89.13,
    89.13,
    89.15,
    89.15,
    89.17,
    89.17,
    89.19,
    89.19,
    89.19,
    89.19,
    89.16,
    89.16,
    89.14,
    89.14,
    89.13,
    89.13,
    89.12,
    89.06,
    89.04,
    89.04,
    89.07,
    89.07,
    89.06,
    89.06
  ],
  "AVAX": [
    9.44,
    9.44,
    9.43,
    9.43,
    9.44,
    9.44,
    9.43,
    9.43,
    9.43,
    9.43,
    9.43,
    9.43,
    9.43,
    9.43,
    9.43,
    9.43,
    9.42,
    9.42,
    9.42,
    9.42,
    9.42,
    9.41,
    9.41,
    9.41,
    9.41,
    9.41,
    9.41,
    9.41,
    9.41,
    9.41
  ],
  "LINK": [
    9.22,
    9.22,
    9.22,
    9.22,
    9.22,
    9.22,
    9.22,
    9.22,
    9.22,
    9.22,
    9.22,
    9.22,
    9.22,
    9.22,
    9.22,
    9.22,
    9.22,
    9.22,
    9.21,
    9.21,
    9.21,
    9.21,
    9.21,
    9.21,
    9.21,
    9.21,
    9.21,
    9.21,
    9.21,
    9.21
  ],
  "DOT": [
    1.54,
    1.54,
    1.54,
    1.54,
    1.54,
    1.54,
    1.54,
    1.54,
    1.54,
    1.54,
    1.54,
    1.54,
    1.54,
    1.54,
    1.54,
    1.54,
    1.54,
    1.54,
    1.54,
    1.54,
    1.54,
    1.54,
    1.53,
    1.53,
    1.53,
    1.53,
    1.53,
    1.53,
    1.53,
    1.53
  ],
  "ADA": [
    0.269034,
    0.269034,
    0.269029,
    0.269029,
    0.269008,
    0.269008,
    0.268945,
    0.268945,
    0.268942,
    0.268942,
    0.268952,
    0.268952,
    0.268912,
    0.268912,
    0.268873,
    0.268873,
    0.268719,
    0.268719,
    0.268493,
    0.268493,
    0.268402,
    0.268355,
    0.268279,
    0.268323,
    0.268357,
    0.268357,
    0.268434,
    0.268434,
    0.268425,
    0.268425
  ],
  "DOGE": [
    0.093905,
    0.093905,
    0.093925,
    0.093925,
    0.093934,
    0.093934,
    0.093924,
    0.093924,
    0.093924,
    0.093924,
    0.093935,
    0.093935,
    0.093945,
    0.093945,
    0.093948,
    0.093948,
    0.093904,
    0.093904,
    0.093844,
    0.093844,
    0.093814,
    0.093786,
    0.093766,
    0.093706,
    0.093716,
    0.093716,
    0.093717,
    0.093717,
    0.093696,
    0.093696
  ],
  "SUI": [
    0.956109,
    0.956109,
    0.956342,
    0.956342,
    0.956504,
    0.956504,
    0.95645,
    0.95645,
    0.956757,
    0.956757,
    0.957339,
    0.957339,
    0.957747,
    0.957747,
    0.958081,
    0.958081,
    0.957532,
    0.957532,
    0.957218,
    0.957218,
    0.956707,
    0.956573,
    0.95641,
    0.956365,
    0.956633,
    0.956633,
    0.956724,
    0.956724,
    0.956635,
    0.956635
  ],
  "INJ": [
    3.05,
    3.05,
    3.05,
    3.05,
    3.04,
    3.04,
    3.05,
    3.05,
    3.04,
    3.04,
    3.04,
    3.04,
    3.05,
    3.05,
    3.05,
    3.05,
    3.04,
    3.04,
    3.04,
    3.04,
    3.04,
    3.04,
    3.04,
    3.04,
    3.04,
    3.04,
    3.03,
    3.03,
    3.03,
    3.03
  ],
  "RNDR": [
    1.39,
    1.39,
    1.4,
    1.4,
    1.4,
    1.4,
    1.4,
    1.4,
    1.4,
    1.4,
    1.4,
    1.4,
    1.4,
    1.4,
    1.4,
    1.4,
    1.39,
    1.39,
    1.39,
    1.39,
    1.39,
    1.39,
    1.39,
    1.39,
    1.39,
    1.39,
    1.39,
    1.39,
    1.39,
    1.39
  ],
  "PENDLE": [
    1.28,
    1.28,
    1.28,
    1.28,
    1.28,
    1.28,
    1.28,
    1.28,
    1.28,
    1.28,
    1.28,
    1.28,
    1.28,
    1.28,
    1.28,
    1.28,
    1.28,
    1.28,
    1.28,
    1.28,
    1.28,
    1.28,
    1.28,
    1.28,
    1.28,
    1.28,
    1.28,
    1.28,
    1.28,
    1.28
  ],
  "GDX": [
    105.8,
    105.85,
    105.81,
    105.73,
    105.7,
    105.5,
    105.425,
    105.47,
    105.47,
    105.41,
    105.41,
    105.315,
    105.23,
    105.2,
    105.145,
    105.25,
    105.24,
    105.06,
    105.01,
    104.995,
    104.97,
    104.95,
    105.094,
    105.13,
    105.14,
    105.205,
    105.048,
    105.11,
    105.05,
    104.87
  ],
  "ROST": [
    211.08,
    211.27,
    211.42,
    211.35,
    211.35,
    211.555,
    211.57,
    211.56,
    211.43,
    211.505,
    211.43,
    211.43,
    211.295,
    211.455,
    211.265,
    211.31,
    211.31,
    211.35,
    211.355,
    211.47,
    211.3,
    211.3,
    211.31,
    211.385,
    211.35,
    211.35,
    211.435,
    211.31,
    211.47,
    211.47
  ],
  "COIN": [
    205.87,
    205.945,
    205.783,
    205.77,
    205.87,
    205.65,
    205.46,
    205.235,
    205.41,
    205.8,
    206.0,
    206.145,
    206.03,
    205.8,
    205.52,
    205.58,
    205.57,
    205.94,
    206.17,
    206.46,
    205.655,
    205.45,
    205.435,
    205.59,
    205.57,
    205.57,
    205.59,
    205.755,
    205.765,
    205.71
  ],
  "OXY": [
    53.91,
    53.9,
    53.9,
    53.9,
    53.895,
    53.86,
    53.9,
    53.819,
    53.835,
    53.875,
    53.92,
    53.86,
    53.845,
    53.866,
    53.8,
    53.71,
    53.765,
    53.75,
    53.7,
    53.68,
    53.62,
    53.62,
    53.565,
    53.53,
    53.51,
    53.5,
    53.51,
    53.464,
    53.465,
    53.447
  ],
  "AVGO": [
    328.86,
    328.435,
    328.49,
    328.71,
    328.99,
    328.815,
    328.612,
    328.655,
    328.87,
    328.83,
    328.84,
    329.372,
    330.075,
    330.055,
    329.755,
    329.67,
    329.625,
    329.81,
    329.867,
    330.4,
    331.56,
    331.53,
    331.78,
    332.025,
    332.935,
    333.02,
    333.1,
    332.825,
    332.72,
    332.74
  ],
  "CRM": [
    202.04,
    202.07,
    201.99,
    202.08,
    202.21,
    202.065,
    202.11,
    201.92,
    202.03,
    202.14,
    202.26,
    202.175,
    202.37,
    201.92,
    201.7,
    201.75,
    201.86,
    201.95,
    201.89,
    201.8,
    201.605,
    201.455,
    201.42,
    201.325,
    201.27,
    201.31,
    201.34,
    201.255,
    201.435,
    201.46
  ],
  "NOW": [
    121.06,
    121.1,
    121.09,
    121.1,
    121.22,
    121.19,
    121.115,
    121.165,
    121.23,
    121.4,
    121.495,
    121.408,
    121.28,
    120.9,
    120.905,
    120.96,
    120.99,
    121.07,
    121.09,
    121.07,
    120.87,
    120.715,
    120.64,
    120.645,
    120.61,
    120.54,
    120.53,
    120.51,
    120.63,
    120.4
  ],
  "MDB": [
    264.33,
    264.3,
    264.03,
    264.055,
    264.085,
    263.87,
    263.5,
    263.74,
    263.831,
    263.95,
    264.155,
    264.035,
    264.54,
    264.42,
    263.69,
    263.621,
    263.95,
    264.05,
    263.6,
    263.54,
    263.83,
    263.435,
    263.765,
    263.365,
    263.39,
    263.65,
    263.65,
    263.9,
    263.91,
    263.93
  ]
}