{
  "BTC": [
    72629,
    72626,
    72607,
    72647,
    72647,
    72654,
    72654,
    72563,
    72563,
    72571,
    72589,
    72589,
    72610,
    72576,
    72596,
    72596,
    72618,
    72576,
    72529,
    72483,
    72466,
    72423,
    72431,
    72431,
    72390,
    72390,
    72425,
    72459,
    72418,
    72394
  ],
  "ETH": [
    2120.74,
    2120.56,
    2119.74,
    2121.07,
    2121.07,
    2121.34,
    2121.34,
    2117.41,
    2117.41,
    2116.95,
    2117.41,
    2117.41,
    2117.78,
    2117.1,
    2117.69,
    2117.69,
    2118.15,
    2116.5,
    2114.1,
    2113.23,
    2112.66,
    2112.06,
    2113.97,
    2113.97,
    2111.68,
    2111.68,
    2113.17,
    2113.78,
    2112.8,
    2110.27
  ],
  "SOL": [
    90.31,
    90.31,
    90.28,
    90.28,
    90.28,
    90.29,
    90.29,
    90.23,
    90.23,
    90.2,
    90.2,
    90.2,
    90.21,
    90.2,
    90.17,
    90.17,
    90.17,
    90.17,
    90.13,
    90.04,
    90.04,
    90.04,
    90.02,
    90.02,
    89.95,
    89.95,
    89.92,
    89.85,
    89.83,
    89.84
  ],
  "AVAX": [
    9.49,
    9.49,
    9.49,
    9.49,
    9.49,
    9.49,
    9.49,
    9.48,
    9.48,
    9.48,
    9.48,
    9.48,
    9.47,
    9.47,
    9.47,
    9.47,
    9.47,
    9.47,
    9.46,
    9.46,
    9.45,
    9.45,
    9.45,
    9.45,
    9.44,
    9.44,
    9.44,
    9.44,
    9.44,
    9.44
  ],
  "LINK": [
    9.29,
    9.29,
    9.28,
    9.28,
    9.28,
    9.28,
    9.28,
    9.27,
    9.27,
    9.27,
    9.26,
    9.26,
    9.26,
    9.26,
    9.26,
    9.26,
    9.26,
    9.26,
    9.25,
    9.25,
    9.25,
    9.25,
    9.25,
    9.25,
    9.25,
    9.25,
    9.25,
    9.25,
    9.25,
    9.25
  ],
  "DOT": [
    1.53,
    1.53,
    1.53,
    1.53,
    1.53,
    1.53,
    1.53,
    1.53,
    1.53,
    1.53,
    1.53,
    1.53,
    1.53,
    1.53,
    1.53,
    1.53,
    1.53,
    1.53,
    1.53,
    1.53,
    1.52,
    1.52,
    1.52,
    1.52,
    1.52,
    1.52,
    1.52,
    1.52,
    1.52,
    1.52
  ],
  "ADA": [
    0.274304,
    0.274432,
    0.27446,
    0.274501,
    0.274501,
    0.274478,
    0.274478,
    0.274314,
    0.274314,
    0.274287,
    0.274348,
    0.274348,
    0.274326,
    0.274233,
    0.274133,
    0.274133,
    0.274131,
    0.274107,
    0.27402,
    0.273931,
    0.273895,
    0.273866,
    0.273816,
    0.273816,
    0.273779,
    0.273779,
    0.27378,
    0.273773,
    0.273739,
    0.273678
  ],
  "DOGE": [
    0.096288,
    0.096325,
    0.096323,
    0.09632,
    0.09632,
    0.096319,
    0.096319,
    0.096281,
    0.096281,
    0.096268,
    0.096265,
    0.096265,
    0.096274,
    0.09628,
    0.096257,
    0.096257,
    0.096251,
    0.096279,
    0.09627,
    0.096213,
    0.096195,
    0.096161,
    0.096148,
    0.096148,
    0.096129,
    0.096129,
    0.096078,
    0.096085,
    0.096098,
    0.096052
  ],
  "SUI": [
    0.952086,
    0.95221,
    0.952255,
    0.952257,
    0.952257,
    0.952148,
    0.952148,
    0.951553,
    0.951553,
    0.951625,
    0.951984,
    0.951984,
    0.952136,
    0.951982,
    0.951482,
    0.951482,
    0.951546,
    0.951297,
    0.950381,
    0.949579,
    0.949574,
    0.94933,
    0.949379,
    0.949379,
    0.949094,
    0.949094,
    0.949047,
    0.948778,
    0.948602,
    0.947992
  ],
  "INJ": [
    3.08,
    3.09,
    3.09,
    3.08,
    3.08,
    3.08,
    3.08,
    3.08,
    3.08,
    3.08,
    3.08,
    3.08,
    3.08,
    3.08,
    3.08,
    3.08,
    3.08,
    3.08,
    3.07,
    3.07,
    3.07,
    3.07,
    3.07,
    3.07,
    3.06,
    3.06,
    3.07,
    3.06,
    3.06,
    3.06
  ],
  "RNDR": [
    1.4,
    1.4,
    1.4,
    1.4,
    1.4,
    1.4,
    1.4,
    1.4,
    1.4,
    1.4,
    1.39,
    1.39,
    1.39,
    1.39,
    1.4,
    1.4,
    1.4,
    1.4,
    1.4,
    1.39,
    1.39,
    1.39,
    1.39,
    1.39,
    1.39,
    1.39,
    1.39,
    1.39,
    1.39,
    1.39
  ],
  "PENDLE": [
    1.3,
    1.3,
    1.3,
    1.3,
    1.3,
    1.3,
    1.3,
    1.3,
    1.3,
    1.3,
    1.3,
    1.3,
    1.3,
    1.3,
    1.3,
    1.3,
    1.3,
    1.3,
    1.3,
    1.3,
    1.3,
    1.3,
    1.3,
    1.3,
    1.3,
    1.3,
    1.3,
    1.3,
    1.3,
    1.3
  ],
  "GDX": [
    105.8,
    105.85,
    105.81,
    105.73,
    105.7,
    105.5,
    105.425,
    105.47,
    105.47,
    105.41,
    105.41,
    105.315,
    105.23,
    105.2,
    105.145,
    105.25,
    105.24,
    105.06,
    105.01,
    104.995,
    104.97,
    104.95,
    105.094,
    105.13,
    105.14,
    105.205,
    105.048,
    105.11,
    105.05,
    104.87
  ],
  "ROST": [
    211.08,
    211.27,
    211.42,
    211.35,
    211.35,
    211.555,
    211.57,
    211.56,
    211.43,
    211.505,
    211.43,
    211.43,
    211.295,
    211.455,
    211.265,
    211.31,
    211.31,
    211.35,
    211.355,
    211.47,
    211.3,
    211.3,
    211.31,
    211.385,
    211.35,
    211.35,
    211.435,
    211.31,
    211.47,
    211.47
  ],
  "COIN": [
    210.17,
    210.07,
    210.085,
    209.87,
    209.89,
    209.76,
    209.79,
    209.86,
    209.9,
    209.955,
    210.12,
    209.62,
    209.27,
    208.73,
    208.63,
    208.67,
    208.85,
    208.83,
    208.75,
    208.92,
    209.275,
    209.27,
    208.99,
    208.77,
    208.68,
    208.81,
    208.87,
    208.833,
    208.821,
    208.93
  ]
}