{
  "BTC": [
    70976,
    70934,
    70934,
    70901,
    70901,
    70917,
    70917,
    70928,
    70928,
    70925,
    70925,
    70917,
    70917,
    70907,
    70907,
    70889,
    70889,
    70866,
    70866,
    70879,
    70879,
    70888,
    70888,
    70865,
    70865,
    70875,
    70875,
    70859,
    70859,
    70852
  ],
  "ETH": [
    2077.48,
    2076.8,
    2076.8,
    2075.56,
    2075.56,
    2076.37,
    2076.37,
    2076.66,
    2076.66,
    2076.05,
    2076.05,
    2075.92,
    2075.92,
    2075.44,
    2075.44,
    2075.34,
    2075.34,
    2074.48,
    2074.48,
    2075.35,
    2075.35,
    2074.8,
    2074.8,
    2074.02,
    2074.02,
    2074.52,
    2074.52,
    2074.04,
    2074.04,
    2073.5
  ],
  "SOL": [
    88.85,
    88.83,
    88.83,
    88.8,
    88.8,
    88.8,
    88.8,
    88.8,
    88.8,
    88.81,
    88.81,
    88.81,
    88.81,
    88.8,
    88.8,
    88.79,
    88.79,
    88.78,
    88.78,
    88.76,
    88.76,
    88.76,
    88.76,
    88.76,
    88.76,
    88.76,
    88.76,
    88.75,
    88.75,
    88.74
  ],
  "AVAX": [
    9.4,
    9.39,
    9.39,
    9.39,
    9.39,
    9.39,
    9.39,
    9.39,
    9.39,
    9.39,
    9.39,
    9.39,
    9.39,
    9.39,
    9.39,
    9.39,
    9.39,
    9.39,
    9.39,
    9.39,
    9.39,
    9.39,
    9.39,
    9.39,
    9.39,
    9.38,
    9.38,
    9.38,
    9.38,
    9.38
  ],
  "LINK": [
    9.2,
    9.2,
    9.2,
    9.2,
    9.2,
    9.2,
    9.2,
    9.2,
    9.2,
    9.2,
    9.2,
    9.2,
    9.2,
    9.2,
    9.2,
    9.2,
    9.2,
    9.2,
    9.2,
    9.2,
    9.2,
    9.2,
    9.2,
    9.2,
    9.2,
    9.2,
    9.2,
    9.2,
    9.2,
    9.2
  ],
  "DOT": [
    1.53,
    1.53,
    1.53,
    1.53,
    1.53,
    1.53,
    1.53,
    1.53,
    1.53,
    1.53,
    1.53,
    1.53,
    1.53,
    1.53,
    1.53,
    1.53,
    1.53,
    1.53,
    1.53,
    1.53,
    1.53,
    1.53,
    1.53,
    1.53,
    1.53,
    1.53,
    1.53,
    1.53,
    1.53,
    1.53
  ],
  "ADA": [
    0.269082,
    0.26906,
    0.26906,
    0.269,
    0.269,
    0.269003,
    0.269003,
    0.26904,
    0.26904,
    0.269043,
    0.269043,
    0.269035,
    0.269035,
    0.269002,
    0.269002,
    0.268955,
    0.268955,
    0.268931,
    0.268931,
    0.268919,
    0.268919,
    0.268962,
    0.268962,
    0.268982,
    0.268982,
    0.269047,
    0.269047,
    0.269043,
    0.269043,
    0.269012
  ],
  "DOGE": [
    0.093614,
    0.093609,
    0.093609,
    0.093593,
    0.093593,
    0.093588,
    0.093588,
    0.093593,
    0.093593,
    0.093601,
    0.093601,
    0.093597,
    0.093597,
    0.093591,
    0.093591,
    0.09358,
    0.09358,
    0.093577,
    0.093577,
    0.093574,
    0.093574,
    0.093562,
    0.093562,
    0.093564,
    0.093564,
    0.093567,
    0.093567,
    0.093568,
    0.093568,
    0.093556
  ],
  "SUI": [
    0.955412,
    0.955266,
    0.955266,
    0.955074,
    0.955074,
    0.954731,
    0.954731,
    0.954631,
    0.954631,
    0.954563,
    0.954563,
    0.954567,
    0.954567,
    0.954474,
    0.954474,
    0.954246,
    0.954246,
    0.954045,
    0.954045,
    0.953839,
    0.953839,
    0.953741,
    0.953741,
    0.953674,
    0.953674,
    0.953674,
    0.953674,
    0.953638,
    0.953638,
    0.953424
  ],
  "INJ": [
    3.03,
    3.03,
    3.03,
    3.03,
    3.03,
    3.03,
    3.03,
    3.03,
    3.03,
    3.03,
    3.03,
    3.03,
    3.03,
    3.03,
    3.03,
    3.03,
    3.03,
    3.02,
    3.02,
    3.03,
    3.03,
    3.03,
    3.03,
    3.03,
    3.03,
    3.03,
    3.03,
    3.03,
    3.03,
    3.03
  ],
  "RNDR": [
    1.4,
    1.4,
    1.4,
    1.4,
    1.4,
    1.39,
    1.39,
    1.39,
    1.39,
    1.39,
    1.39,
    1.39,
    1.39,
    1.39,
    1.39,
    1.39,
    1.39,
    1.39,
    1.39,
    1.39,
    1.39,
    1.39,
    1.39,
    1.4,
    1.4,
    1.4,
    1.4,
    1.4,
    1.4,
    1.4
  ],
  "PENDLE": [
    1.28,
    1.28,
    1.28,
    1.28,
    1.28,
    1.28,
    1.28,
    1.28,
    1.28,
    1.28,
    1.28,
    1.28,
    1.28,
    1.28,
    1.28,
    1.28,
    1.28,
    1.28,
    1.28,
    1.28,
    1.28,
    1.28,
    1.28,
    1.28,
    1.28,
    1.28,
    1.28,
    1.28,
    1.28,
    1.28
  ],
  "SQQQ": [
    72.11,
    71.24,
    71.37,
    71.47,
    71.35,
    71.28
  ],
  "NVDA": [
    183.095,
    183.125,
    183.09,
    183.06,
    183.1,
    183.065,
    183.085,
    182.965,
    182.97,
    183.11,
    183.205,
    183.125,
    183.06,
    182.78,
    182.72,
    182.67,
    182.7,
    182.715,
    182.685,
    183.056,
    183.115,
    183.09,
    183.25,
    183.15,
    183.15,
    183.11,
    183.13,
    183.095,
    183.07,
    183.04
  ],
  "ROST": [
    214.19,
    214.22,
    214.18,
    214.25,
    214.09,
    213.94,
    214.1,
    214.175,
    214.18,
    214.12,
    214.31,
    214.365,
    214.49,
    214.49,
    214.63,
    214.705,
    214.35,
    214.41,
    214.41,
    214.26,
    214.375,
    214.7,
    214.61,
    214.64,
    214.665,
    214.74,
    214.77,
    214.735,
    214.83,
    214.83
  ],
  "TSLA": [
    403.95,
    403.8,
    403.795,
    403.76,
    403.56,
    403.715,
    403.54,
    403.4,
    403.333,
    403.44,
    403.49,
    404.1,
    404.34,
    404.63,
    404.47,
    403.99,
    404.18,
    404.2,
    404.4,
    404.3,
    404.29,
    405.34,
    404.96,
    404.895,
    405.44,
    405.62,
    405.605,
    405.47,
    405.55,
    405.55
  ],
  "QQQ": [
    609.46,
    609.22,
    609.396,
    609.285,
    609.4,
    609.22,
    609.8,
    609.68,
    609.56,
    609.2,
    609.16,
    609.32,
    609.2,
    609.39,
    609.76
  ],
  "SPY": [
    684.72,
    684.43,
    684.595,
    684.56,
    684.72,
    684.63,
    684.79,
    684.94,
    684.88,
    684.72,
    684.64,
    684.61,
    684.47,
    684.62,
    684.91
  ],
  "GLD": [
    472.98,
    473.05,
    472.85,
    473.079,
    472.595,
    472.72,
    472.935,
    473.07,
    473.035,
    472.99,
    472.99,
    473.025,
    473.331,
    473.41
  ],
  "MRNA": [
    53.89,
    53.87,
    53.905,
    54.035,
    54.04,
    53.985,
    54.075,
    53.93,
    53.885,
    53.82,
    53.842,
    53.99,
    54.01,
    54.03,
    53.89,
    53.91,
    53.92,
    54.01,
    53.99,
    53.98,
    53.95,
    53.7,
    53.68,
    53.91,
    53.855,
    53.84,
    53.82,
    53.82,
    53.83,
    53.83
  ],
  "GDX": [
    105.855,
    105.83,
    105.8,
    105.85,
    105.8,
    105.73,
    105.585,
    105.485,
    105.51,
    105.465,
    105.435,
    105.43,
    105.365,
    105.22,
    105.24,
    105.23,
    105.27,
    105.25,
    105.075,
    105.025,
    105.015,
    104.97,
    104.95,
    105.12,
    105.13,
    105.2,
    105.21,
    105.11,
    105.01,
    104.96
  ],
  "XLE": [
    55.97,
    55.975,
    55.95,
    55.994
  ],
  "INTC": [
    45.635,
    45.62,
    45.665,
    45.695,
    45.64,
    45.59,
    45.669,
    45.675,
    45.67,
    45.675,
    45.695,
    45.745,
    45.775,
    45.785,
    45.82,
    45.795,
    45.745,
    45.78,
    45.771,
    45.77,
    45.81,
    45.931,
    45.855,
    45.835,
    45.825,
    45.9,
    45.92,
    45.956,
    45.96,
    45.95
  ],
  "STX": [
    381.81,
    381.805,
    381.49,
    381.5,
    381.14,
    380.945,
    380.855,
    380.945,
    381.06,
    381.97,
    381.76,
    381.41,
    381.3,
    380.795,
    380.99,
    380.68,
    380.655,
    380.58,
    381.01,
    380.592,
    380.9,
    380.24,
    380.355,
    380.17,
    379.378,
    379.19,
    379.49,
    379.28,
    379.3,
    379.485
  ],
  "COIN": [
    206.09,
    205.82,
    205.835,
    205.94,
    205.76,
    205.83,
    205.94,
    205.83,
    205.43,
    205.24,
    205.51,
    205.92,
    206.1,
    206.23,
    205.98,
    205.65,
    205.65,
    205.57,
    205.998,
    206.345,
    206.03,
    205.47,
    205.39,
    205.48,
    205.76,
    205.62,
    205.62,
    205.72,
    205.71,
    205.71
  ],