{"DOGE:CAUTION": 1772517575.890801, "BTC:CAUTION": 1772518060.253022, "ETH:CAUTION": 1772518060.4405031, "SOL:GO": 1772518060.622143, "AVAX:CAUTION": 1772518060.801128, "LINK:CAUTION": 1772518061.017032, "ADA:CAUTION": 1772518061.2669282, "SUI:CAUTION": 1772518061.490719, "INJ:CAUTION": 1772518061.735232, "ETH:GO": 1772519561.4312, "SOL:CAUTION": 1772519561.620219}